Cluster,Node,Coordinates
0,ABL,[0.9501683  0.01745248]
0,ACEX,[ 0.82991724 -0.04781037]
0,ADN,[ 0.86005396 -0.07178153]
0,AERC,[ 0.90026433 -0.00372628]
0,AGCR,[ 0.91337153 -0.00935112]
0,AKDN,[ 0.78784204 -0.12011891]
0,AKMD,[ 0.88393254 -0.03355419]
0,AL,[0.94210327 0.014868  ]
0,ALM,[ 0.77664369 -0.13466279]
0,AM,[ 0.85255079 -0.0591681 ]
0,AMC,[0.96776274 0.03403387]
0,AMR,[0.97131096 0.03754186]
0,ANR,[ 0.92720522 -0.00757397]
0,AOK,[ 0.86500816 -0.02805025]
0,APA,[0.94836051 0.01072078]
0,ARR,[ 0.89109264 -0.05391907]
0,ARS,[ 0.89021499 -0.0240009 ]
0,ARW,[ 0.85809618 -0.0735618 ]
0,ARZC,[ 0.9053822  -0.01105075]
0,AS,[ 0.94020204 -0.00411413]
0,ATCX,[ 0.90429805 -0.01398765]
0,ATSF,[ 0.87422192 -0.05345599]
0,AUAR,[ 0.89439811 -0.01636561]
0,AUNW,[ 0.92341457 -0.00966075]
0,AWRR,[ 0.89129668 -0.01792754]
0,AZER,[ 0.89442321 -0.01387354]
0,BAP,[ 0.52846724 -0.23024252]
0,BLMR,[ 0.70385265 -0.15449976]
0,BLR,[ 0.89430353 -0.01652169]
0,BNG,[ 0.86701403 -0.02714892]
0,BNSF,[ 0.75257989 -0.08415381]
0,BRG,[ 0.91266663 -0.01463173]
0,BRS,[ 0.73986018 -0.14297546]
0,BSR,[ 0.89503793 -0.01632294]
0,BVRR,[ 0.90421597 -0.00627744]
0,BVS,[ 0.66354953 -0.19466184]
0,CBRM,[ 0.72026054 -0.12678634]
0,CBRW,[ 0.80010631 -0.06032866]
0,CBRY,[0.94984131 0.01340145]
0,CCPN,[ 0.89160799 -0.01836557]
0,CCT,[0.93979191 0.01220133]
0,CEDR,[ 0.63995248 -0.12086544]
0,CFNR,[ 0.85441359 -0.03708794]
0,CHCX,[ 0.81045764 -0.05569727]
0,CHRC,[ 0.92515182 -0.00701251]
0,CHWE,[ 0.70872114 -0.15516438]
0,CKRY,[ 0.87248504 -0.03835192]
0,CLC,[ 0.65699301 -0.17493165]
0,CLK,[ 0.82202406 -0.08867429]
0,CMLR,[0.95202834 0.04537247]
0,CMR,[ 0.65372337 -0.16330672]
0,CMTY,[ 0.89482484 -0.0154823 ]
0,COE,[ 0.82134054 -0.08652123]
0,COP,[ 0.90676457 -0.02420874]
0,CORP,[ 0.87354756 -0.0256467 ]
0,CRLX,[ 0.92645109 -0.00593018]
0,CS,[ 0.74872039 -0.09990826]
0,CSCD,[ 0.81151931 -0.0531064 ]
0,CSP,[ 0.85638697 -0.05097819]
0,CT,[ 0.67714202 -0.15423035]
0,CTSR,[ 0.88673507 -0.01548506]
0,CTXR,[ 0.89215489 -0.01783936]
0,CVR,[ 0.87227984 -0.02329152]
0,CW,[ 0.85658307 -0.05722497]
0,CWA,[ 0.81101275 -0.05520175]
0,CWR,[0.94333804 0.01285072]
0,CYCY,[ 0.92248233 -0.00981385]
0,DART,[ 0.89675771 -0.0129398 ]
0,DCTA,[ 0.89476259 -0.01559561]
0,DE,[ 0.87045552 -0.02588575]
0,DGNO,[ 0.90722573 -0.01065005]
0,DMVW,[ 0.59164108 -0.0661568 ]
0,DQE,[ 0.86183083 -0.06870061]
0,DR,[ 0.87886263 -0.04156758]
0,DRGW,[ 0.84306292 -0.06396615]
0,DRIR,[ 0.86942256 -0.02501158]
0,DSNG,[ 0.83525569 -0.06682477]
0,DSRR,[ 0.84049573 -0.0818964 ]
0,DTMR,[ 0.8240843  -0.08408962]
0,EACH,[ 0.87313654 -0.05617621]
0,EDW,[ 0.86654456 -0.06941113]
0,EE,[0.62283901 0.33886689]
0,EERZ,[ 0.59260953 -0.12757601]
0,EIRR,[ 0.88024317 -0.02608405]
0,ENIC,[ 0.84331659 -0.08682829]
0,ETC,[ 0.88114027 -0.04026591]
0,EUKA,[0.94115767 0.00901708]
0,EWG,[ 0.78034727 -0.07154863]
0,FEVR,[ 0.751008   -0.12773077]
0,FMRC,[ 0.85681016 -0.05476165]
0,FP,[ 0.86949791 -0.05789658]
0,FSR,[ 0.88404085 -0.03432354]
0,FWD,[ 0.93908916 -0.00452339]
0,FWWR,[ 0.90767644 -0.01128361]
0,GCRX,[ 0.8636763  -0.02132946]
0,GCSR,[ 0.8971419 -0.0151239]
0,GCW,[ 0.87539439 -0.04268006]
0,GHH,[ 0.94024033 -0.00391386]
0,GNA,[ 0.86206264 -0.0707076 ]
0,GNBC,[ 0.86185882 -0.04881348]
0,GRNW,[ 0.79551433 -0.06057975]
0,GRR,[ 0.92393356 -0.01328115]
0,GRRM,[ 0.89241896 -0.01759905]
0,GRVV,[ 0.87650159 -0.02813662]
0,GSW,[ 0.93489536 -0.00942513]
0,GVSR,[ 0.91616919 -0.01060662]
0,GWF,[ 0.93694049 -0.00684136]
0,GWR,[ 0.85143509 -0.05630278]
0,HBL,[0.96866219 0.03536743]
0,HBT,[ 0.93259281 -0.007868  ]
0,HE,[ 0.85507805 -0.0762129 ]
0,HVRX,[ 0.90516397 -0.00446863]
0,IANW,[ 0.69955353 -0.11365342]
0,IARR,[ 0.62476994 -0.13947408]
0,INPR,[ 0.89627825 -0.01334974]
0,ITSL,[ 0.89119501 -0.01826942]
0,JCAX,[ 0.8806329  -0.01494624]
0,JSRC,[ 0.63629101 -0.18386782]
0,KAW,[ 0.82767271 -0.06072463]
0,KCS,[ 0.80395533 -0.10713383]
0,KCT,[ 0.76016372 -0.13857654]
0,KFR,[ 0.82210136 -0.04610268]
0,KO,[ 0.87445608 -0.02263104]
0,KRR,[ 0.87475472 -0.03982697]
0,KSW,[ 0.87673022 -0.0373064 ]
0,KYLE,[ 0.87643479 -0.03737594]
0,LA,[ 0.85041028 -0.08730228]
0,LACZ,[ 0.8449241  -0.03790874]
0,LAJ,[0.95635069 0.0240665 ]
0,LAS,[ 0.73760269 -0.14231091]
0,LBWR,[ 0.88933431 -0.02060856]
0,LCHD,[ 0.73772574 -0.14055522]
0,LDRR,[ 0.77114388 -0.13055817]
0,LHRR,[ 0.91364785 -0.00907908]
0,LINC,[ 0.73164277 -0.13656812]
0,LNW,[ 0.80453559 -0.11972847]
0,LOAM,[ 0.7671074  -0.15186288]
0,LPN,[ 0.74984172 -0.1341895 ]
0,LRPA,[ 0.8898549  -0.02415622]
0,LRWN,[ 0.8685279  -0.05545301]
0,LS,[ 0.65169129 -0.17743301]
0,LSMR,[ 0.62370146 -0.10364208]
0,LSO,[ 0.70489108 -0.1854917 ]
0,MAA,[0.95212072 0.01458095]
0,MCCP,[ 0.87427588 -0.02647724]
0,MCR,[0.96215114 0.02814153]
0,MCSA,[ 0.92847829 -0.01580199]
0,MCTA,[ 0.5994113  -0.15042512]
0,MDR,[ 0.81955644 -0.10535009]
0,MDRY,[ 0.88245205 -0.01578096]
0,MET,[0.94149002 0.01379622]
0,MH,[ 0.9033012  -0.02490745]
0,MKT,[ 0.91129066 -0.02983682]
0,MMT,[ 0.83635928 -0.04225573]
0,MNA,[ 0.78970768 -0.09457852]
0,MNN,[0.66632193 0.03797912]
0,MOC,[ 0.63258522 -0.16839177]
0,MP,[ 0.79982568 -0.11565158]
0,MPLI,[0.63875988 0.12029455]
0,MRL,[ 0.7806013  -0.09069452]
0,MRS,[ 0.6245872  -0.20438251]
0,MSWY,[ 0.6627171  -0.10462014]
0,MWRR,[ 0.83564207 -0.05030558]
0,NCRC,[ 0.84497511 -0.04427103]
0,NCRR,[ 0.90784481 -0.01546517]
0,NCTC,[ 0.82715823 -0.04908108]
0,NCTR,[ 0.92044325 -0.02341953]
0,NCTS,[ 0.82194643 -0.05134893]
0,NECX,[ 0.78794445 -0.10627508]
0,NEKM,[ 0.88069775 -0.03285138]
0,NENE,[ 0.86296765 -0.02857048]
0,NEZP,[ 0.84409346 -0.06178012]
0,NKCR,[ 0.86455947 -0.0277196 ]
0,NLC,[ 0.76903373 -0.15083369]
0,NLG,[ 0.7794374  -0.14185752]
0,NLR,[ 0.66457988 -0.07224005]
0,NMRX,[ 0.82406134 -0.04836936]
0,NOGC,[ 0.73567363 -0.14400739]
0,NOKL,[ 0.85484257 -0.06311659]
0,NOLR,[ 0.8016441  -0.11486004]
0,NOPB,[ 0.77226429 -0.1368135 ]
0,NOT,[ 0.74439637 -0.16294007]
0,NPR,[ 0.62703919 -0.06858891]
0,NRI,[ 0.86824489 -0.02401326]
0,NSSR,[0.63073532 0.13740097]
0,NSWS,[ 0.83217409 -0.04603989]
0,NVRR,[ 0.87522262 -0.02994709]
0,NVWT,[ 0.91281629 -0.01071492]
0,NWP,[0.95727245 0.02471731]
0,OCE,[ 0.88705952 -0.04230735]
0,OCSR,[ 0.86583576 -0.02548445]
0,OERR,[ 0.91230199 -0.0049139 ]
0,OKCE,[ 0.84817672 -0.08345339]
0,OKKT,[ 0.90569652 -0.02815068]
0,OKT,[ 0.91325741 -0.029045  ]
0,OMTX,[ 0.90028626 -0.01081636]
0,ONW,[ 0.89404632 -0.03792227]
0,OPE,[ 0.90212187 -0.03052739]
0,ORR,[ 0.85374951 -0.06460828]
0,OTR,[0.95060675 0.01839744]
0,OUCH,[ 0.8886844  -0.02230355]
0,PARN,[ 0.95170455 -0.00225752]
0,PCC,[ 0.8068102  -0.05665367]
0,PCMZ,[ 0.85636238 -0.03103192]
0,PCN,[ 0.91582367 -0.01010094]
0,PGBX,[ 0.75954129 -0.12936317]
0,PGR,[0.65181415 0.03796567]
0,PHL,[ 0.83331188 -0.04605118]
0,PMSW,[ 0.89318648 -0.01655029]
0,PNR,[ 0.90074345 -0.01478456]
0,PNW,[ 0.84969098 -0.08267767]
0,PNWR,[ 0.87875553 -0.02128143]
0,POCA,[ 0.86701403 -0.02714892]
0,POTB,[ 0.89819708 -0.02350507]
0,POVA,[ 0.69897883 -0.1608236 ]
0,PRT,[ 0.92806008 -0.00187098]
0,PRTD,[ 0.8984242  -0.03325031]
0,PSAP,[ 0.80571429 -0.05672458]
0,PSR,[0.97043168 0.03665187]
0,PSVR,[ 0.81925572 -0.05326117]
0,PT,[ 0.91557329 -0.01695088]
0,PTO,[ 0.89943534 -0.02829801]
0,PTOZ,[ 0.81884717 -0.04876036]
0,PTRA,[ 0.92540903 -0.00877996]
0,PTRI,[ 0.76237998 -0.1314839 ]
0,PVS,[ 0.93282472 -0.01071243]
0,QAP,[ 0.93778575 -0.00693048]
0,QRR,[0.93714385 0.00530133]
0,RARW,[ 0.69646987 -0.15833965]
0,RASX,[ 0.84490512 -0.05805952]
0,RCIB,[ 0.89164883 -0.0197968 ]
0,RCPE,[0.59512016 0.42302446]
0,RCXM,[ 0.89675771 -0.0129398 ]
0,RI,[ 0.61697425 -0.16494409]
0,RJCA,[ 0.88967393 -0.02182158]
0,RLST,[ 0.89719878 -0.01642207]
0,RPRC,[ 0.82672414 -0.04933709]
0,RRRR,[ 0.84386676 -0.04237666]
0,RSIX,[ 0.83631083 -0.04587047]
0,RTDC,[ 0.85928532 -0.03067872]
0,RTDZ,[ 0.85880521 -0.03012356]
0,RVRR,[ 0.92942142 -0.00323858]
0,RVSC,[ 0.90423518 -0.01158844]
0,SAV,[ 0.80988792 -0.05947136]
0,SCAX,[ 0.87440107 -0.02112596]
0,SCBG,[ 0.90439889 -0.01517041]
0,SCR,[ 0.79632439 -0.06173464]
0,SCRT,[ 0.83654744 -0.04291801]
0,SCX,[ 0.79472813 -0.0666692 ]
0,SCXY,[0.6081091 0.1741146]
0,SDAE,[0.96991252 0.03629784]
0,SDIY,[ 0.91620289 -0.00570718]
0,SDNX,[ 0.84088338 -0.04210334]
0,SDTI,[ 0.84426282 -0.03844697]
0,SEKR,[ 0.87621732 -0.04114891]
0,SERA,[0.93801055 0.01080803]
0,SFB,[0.97280715 0.03899914]
0,SFBR,[0.94430106 0.011867  ]
0,SFS,[ 0.85152841 -0.0394024 ]
0,SGSC,[ 0.89675771 -0.0129398 ]
0,SI,[ 0.70504534 -0.15262293]
0,SJT,[ 0.7497934 -0.1499101]
0,SJVR,[ 0.86407675 -0.03121701]
0,SKOL,[ 0.87603268 -0.02710769]
0,SL,[0.93727371 0.02346357]
0,SLAL,[ 0.89284209 -0.01552586]
0,SLC,[ 0.86979398 -0.03357535]
0,SLGG,[ 0.79417879 -0.08600626]
0,SLGW,[ 0.89329237 -0.01304263]
0,SLOI,[ 0.63408903 -0.07037628]
0,SLRG,[ 0.86363978 -0.02943557]
0,SLSF,[ 0.63668257 -0.22892837]
0,SLWC,[ 0.87193888 -0.02699989]
0,SMA,[0.93551851 0.00729574]
0,SMRR,[ 0.75038933 -0.05901993]
0,SMRT,[ 0.83334718 -0.04489333]
0,SMV,[0.95539143 0.02285943]
0,SNCT,[ 0.63881102 -0.19038637]
0,SNVX,[ 0.79872613 -0.06102047]
0,SO,[ 0.91992772 -0.00811709]
0,SP,[ 0.9274541  -0.01032351]
0,SRN,[ 0.92361411 -0.0131586 ]
0,SRRR,[ 0.83656671 -0.02881192]
0,SS,[ 0.85513446 -0.07653498]
0,SSC,[ 0.91846347 -0.00872709]
0,SSW,[ 0.80628649 -0.10772531]
0,STE,[0.95525574 0.02303408]
0,STMA,[ 0.86666715 -0.0422099 ]
0,STPP,[ 0.81005409 -0.05143214]
0,SW,[ 0.88034933 -0.02030392]
0,SWGR,[ 0.92382746 -0.00831276]
0,TCG,[0.95205566 0.01511679]
0,TCT,[ 0.92814479 -0.00877932]
0,TELX,[ 0.92597696 -0.006373  ]
0,TEXC,[ 0.93325102 -0.00777837]
0,TEXR,[ 0.90687349 -0.00732084]
0,TIBR,[ 0.89099959 -0.02003535]
0,TM,[ 0.92815054 -0.00805963]
0,TMBL,[ 0.70371258 -0.14046766]
0,TMEV,[ 0.86997639 -0.0251288 ]
0,TN,[ 0.92870615 -0.01054224]
0,TNER,[ 0.91954908 -0.00787539]
0,TNM,[ 0.94163431 -0.00233669]
0,TNMR,[ 0.91463056 -0.01035429]
0,TNOX,[ 0.92046823 -0.01120279]
0,TOE,[ 0.85466531 -0.07601644]
0,TP,[ 0.91158212 -0.03432731]
0,TPMO,[ 0.87731269 -0.01917611]
0,TPMP,[ 0.7610269  -0.15627639]
0,TRC,[0.96326539 0.02886573]
0,TRE,[ 0.89610992 -0.0147298 ]
0,TREX,[ 0.89586344 -0.01532035]
0,TRMW,[ 0.82010167 -0.04773746]
0,TSE,[ 0.91309988 -0.01017247]
0,TSHX,[ 0.92046823 -0.01120279]
0,TSU,[ 0.86026546 -0.06724191]
0,TSWR,[ 0.81043604 -0.05136976]
0,TSWS,[ 0.88050528 -0.02792798]
0,TXGN,[ 0.89208002 -0.01711123]
0,TXN,[ 0.87976622 -0.00917637]
0,TXNW,[ 0.90841007 -0.01770591]
0,TXPF,[ 0.89651006 -0.01420586]
0,TXTX,[ 0.89817835 -0.01364055]
0,UCRY,[0.92693788 0.01693012]
0,UFRC,[0.93804055 0.0269107 ]
0,UP,[ 0.82419946 -0.0722896 ]
0,UT,[ 0.75069324 -0.14281074]
0,UTAH,[ 0.90380258 -0.0113067 ]
0,UTAX,[0.91521655 0.00671017]
0,VCRR,[ 0.81200945 -0.05676249]
0,VCY,[0.95957367 0.02593183]
0,VMTR,[ 0.84818893 -0.03580723]
0,VTAZ,[ 0.8339914  -0.04427222]
0,WATX,[ 0.89507737 -0.01519492]
0,WCRC,[ 0.69731511 -0.15748334]
0,WFCX,[ 0.87201622 -0.02419246]
0,WFS,[ 0.83771222 -0.04037715]
0,WI,[ 0.89571293 -0.01443643]
0,WMWN,[ 0.93757625 -0.00691523]
0,WP,[0.966125   0.03433792]
0,WPRR,[ 0.89542452 -0.01382608]
0,WPSX,[ 0.91537301 -0.01104949]
0,WRL,[ 0.81005409 -0.05143214]
0,WRSX,[ 0.8886844  -0.02230355]
0,WSR,[ 0.85751288 -0.07408657]
0,WTA,[ 0.88313729 -0.02970274]
0,WTJR,[ 0.91027551 -0.0151017 ]
0,WTLC,[ 0.89360236 -0.01687515]
0,WTLR,[ 0.91392342 -0.00976536]
0,WVR,[ 0.90054549 -0.01514675]
0,WWR,[ 0.79940873 -0.06112116]
0,WWV,[ 0.91541436 -0.01895191]
0,WYCO,[ 0.80259714 -0.0993021 ]
0,XTGS,[ 0.89130292 -0.01824884]
0,YSLR,[ 0.85662104 -0.03995857]
0,YSVR,[ 0.80940222 -0.05626191]
0,YVT,[ 0.59810791 -0.20310339]
1,AA,[-0.69142406  0.02103168]
1,AB,[-0.71050141  0.02442554]
1,ABB,[-0.71642643  0.07631944]
1,ABR,[-0.65610114 -0.12871793]
1,ABS,[-0.55516522 -0.19108939]
1,ABWR,[-0.60012071 -0.16217665]
1,ACJR,[-0.69527412 -0.02338263]
1,ACWR,[-0.63128146 -0.15200319]
1,ACY,[-0.7208059   0.08481976]
1,ADBF,[-0.65553501 -0.05787333]
1,ADCX,[-0.69571482  0.31483831]
1,AEC,[-0.61061578 -0.21053878]
1,AF,[-0.52024705 -0.2160062 ]
1,AFLR,[-0.56073229 -0.22688008]
1,AG,[-0.56981779 -0.22158329]
1,AGLF,[-0.65869136 -0.16119745]
1,AGR,[-0.55564026 -0.20289218]
1,AIKR,[-0.61731914 -0.14102189]
1,ALAB,[-0.5673296  -0.20206242]
1,ALE,[-0.61241635 -0.16223544]
1,ALQS,[-0.7373501   0.14395573]
1,ALY,[-0.74033663  0.10123836]
1,AN,[-0.61885103 -0.20768607]
1,AO,[-0.65733051 -0.11886593]
1,AR,[-0.63221527 -0.17975775]
1,ARA,[-0.60112518  0.51338833]
1,ARC,[-0.63212394 -0.19528804]
1,ASAB,[-0.5816633  -0.24498975]
1,ASRY,[-0.69504    -0.03280425]
1,ATC,[-0.62408545 -0.2213738 ]
1,ATN,[-0.56595765 -0.18610226]
1,ATW,[-0.64002813 -0.21439021]
1,AUT,[-0.60208987 -0.16683428]
1,AVR,[-0.71541085 -0.00830712]
1,AWP,[-0.55765762 -0.27411963]
1,AWW,[-0.67043839  0.00222586]
1,BAYL,[-0.60340428 -0.18187032]
1,BB,[-0.62464097 -0.13966426]
1,BCR,[-0.62208008 -0.1421403 ]
1,BDRV,[-0.77326411  0.10583834]
1,BFC,[-0.73814042  0.1499936 ]
1,BHRR,[-0.60174107 -0.16727211]
1,BHRX,[-0.74733672  0.13334753]
1,BHX,[-0.68178836  0.21459574]
1,BKRR,[-0.67744394  0.36033569]
1,BLE,[-0.73146367  0.10598863]
1,BLF,[-0.64881965 -0.17799268]
1,BLU,[-0.58189802 -0.16803719]
1,BMRG,[-0.73602913  0.1184396 ]
1,BMTR,[-0.73221398  0.13162721]
1,BO,[-0.67505233  0.04085355]
1,BOCT,[-0.43917563 -0.14956255]
1,BPRR,[-0.72901425  0.12845083]
1,BRW,[-0.74294261  0.16173762]
1,BS,[-0.52312592 -0.25038684]
1,BSOR,[-0.69666693  0.31734747]
1,BVRY,[-0.73561771  0.07956319]
1,BWDX,[-0.53399109 -0.20307321]
1,CA,[-0.63908861 -0.1354537 ]
1,CAD,[-0.61878639 -0.13922345]
1,CALA,[-0.62278567 -0.14925511]
1,CARR,[-0.61683604 -0.14823762]
1,CBL,[-0.74446151  0.15050747]
1,CCHA,[-0.64045901 -0.14069089]
1,CCKY,[-0.65630305 -0.15682647]
1,CCO,[-0.60125474 -0.21079799]
1,CCR,[-0.39656524 -0.28979677]
1,CCRA,[-0.70141876  0.00554563]
1,CCRL,[-0.68019859 -0.09378223]
1,CCYR,[-0.6312289 -0.1584308]
1,CEIW,[-0.64227813 -0.07898967]
1,CERA,[-0.64477067 -0.06884331]
1,CERR,[-0.64291433 -0.0946651 ]
1,CF,[-0.63403122 -0.17227034]
1,CFE,[-0.65295899 -0.10212522]
1,CFR,[-0.63982566 -0.20614285]
1,CFRC,[-0.63775343 -0.18024153]
1,CFWR,[-0.54319186 -0.21431001]
1,CGA,[-0.57688321 -0.25130966]
1,CGBX,[-0.6076514  -0.13840064]
1,CHAT,[-0.60923107 -0.16129388]
1,CHIN,[-0.67749696  0.01797005]
1,CHNY,[-0.56476727 -0.23049979]
1,CHR,[-0.72500389  0.00359944]
1,CHV,[-0.47255651 -0.29194288]
1,CHW,[-0.66142819 -0.09325069]
1,CI,[-0.74690086  0.16002804]
1,CIND,[-0.66611717 -0.04699525]
1,CIRR,[-0.65129944 -0.21481349]
1,CISD,[-0.65376489 -0.17769144]
1,CKSI,[-0.65444904 -0.05457857]
1,CLIF,[-0.64002813 -0.21439021]
1,CLNA,[-0.61259338 -0.15236009]
1,CMGN,[-0.65514223 -0.04409458]
1,CMPA,[-0.63039342 -0.10648045]
1,CMRX,[-0.64309955 -0.05525145]
1,CMSX,[-0.76839094  0.12337614]
1,CNJ,[-0.78943377  0.27482066]
1,CNL,[-0.63553006 -0.22923335]
1,CNTP,[-0.58279423 -0.14988645]
1,CNUR,[-0.61872678 -0.11937621]
1,CNWS,[-0.64219313 -0.14381416]
1,CNYK,[-0.69150037  0.31402607]
1,CO,[-0.65884225 -0.01800725]
1,COEH,[-0.56423891 -0.1816349 ]
1,CPDR,[-0.63655319 -0.14196669]
1,CPLJ,[-0.63474991 -0.16204079]
1,CPR,[-0.66076481 -0.12840858]
1,CR,[-0.65951076  0.08435823]
1,CRC,[-0.72546245  0.23542568]
1,CRLE,[-0.66599447 -0.03244786]
1,CRN,[-0.6229162  -0.17437474]
1,CRSH,[-0.71431969  0.01863673]
1,CSL,[-0.65197301 -0.0664969 ]
1,CSRR,[-0.63363741 -0.02156175]
1,CSS,[-0.56763707 -0.09166132]
1,CSX,[-0.58203657 -0.13873992]
1,CTN,[-0.71949924  0.02935103]
1,CTRN,[-0.54235587 -0.20044725]
1,CUOH,[-0.69342423 -0.04339769]
1,CUVA,[-0.71741683  0.0770192 ]
1,CVSX,[-0.67516448 -0.08638385]
1,CWCY,[-0.616471  -0.1527323]
1,CWRO,[-0.67585105 -0.09630826]
1,CWRY,[-0.65237977 -0.09937747]
1,DC,[-0.64692781 -0.07863673]
1,DCLR,[-0.72674113  0.10143745]
1,DCR,[-0.67935878 -0.07948036]
1,DD,[-0.76504848  0.07554652]
1,DH,[-0.68079662  0.34499595]
1,DL,[-0.72045972  0.00880294]
1,DLWR,[-0.6985563   0.30731846]
1,DM,[-0.68572163  0.01350976]
1,DMM,[-0.67105156  0.37516163]
1,DS,[-0.64206695 -0.21273569]
1,DT,[-0.65842905  0.00171787]
1,DTI,[-0.70062575  0.04416926]
1,DTM,[-0.71229414  0.07080348]
1,DTS,[-0.70758619  0.05157921]
1,DURR,[-0.68268815  0.38249697]
1,DV,[-0.74635979  0.114386  ]
1,EARY,[-0.56585877 -0.19035787]
1,EBG,[-0.70185203 -0.05249972]
1,ECBR,[-0.63598318 -0.15538275]
1,EJE,[-0.43919177 -0.15839677]
1,EL,[-0.66052737  0.15702719]
1,ELS,[-0.47803493 -0.12495613]
1,ESHR,[-0.652886   -0.09932332]
1,ESPN,[-0.71872823 -0.00158859]
1,ETRY,[-0.5536732  -0.19753533]
1,EV,[-0.73305718  0.07313718]
1,EVWR,[-0.44746346 -0.18460921]
1,EW,[-0.74138479  0.09136086]
1,EWR,[-0.65726918 -0.03475319]
1,FCEN,[-0.62734702 -0.18006447]
1,FCIN,[-0.60407319 -0.15240438]
1,FCR,[-0.65580429 -0.13065553]
1,FCRD,[-0.63817319 -0.17964316]
1,FEC,[-0.60373289 -0.2198626 ]
1,FGLK,[-0.64832544  0.39956141]
1,FIR,[-0.67982349 -0.09494996]
1,FJG,[-0.69881991  0.30034405]
1,FJPX,[-0.5316932 -0.2018769]
1,FMID,[-0.63010405 -0.17928902]
1,FNOR,[-0.62103669 -0.18479866]
1,FPE,[-0.7186732   0.08928069]
1,FRDN,[-0.68029278  0.02788733]
1,FRR,[-0.65723598  0.36065171]
1,FWCR,[-0.63337728 -0.17843261]
1,GA,[-0.63831806 -0.23394909]
1,GAAB,[-0.62107971 -0.18420126]
1,GANO,[-0.64238003 -0.21461615]
1,GC,[-0.65536954 -0.14390194]
1,GDLK,[-0.63407912 -0.06700962]
1,GET,[-0.69828771 -0.06471359]
1,GETY,[-0.73681629  0.1297383 ]
1,GFRR,[-0.65561811 -0.13624615]
1,GIMY,[-0.65548164 -0.13154407]
1,GITM,[-0.65731887 -0.13055911]
1,GJ,[-0.67928281  0.347188  ]
1,GLC,[-0.63994017 -0.04977527]
1,GM,[-0.64470951 -0.23137171]
1,GMR,[-0.65268342 -0.13114597]
1,GMRY,[-0.68734848 -0.04470264]
1,GMSR,[-0.40754684 -0.29371206]
1,GNRR,[-0.65657828 -0.15321233]
1,GNWR,[-0.66369716  0.3993956 ]
1,GR,[-0.6476123  -0.06359139]
1,GRLW,[-0.61099894 -0.14498218]
1,GRN,[-0.6261058  -0.20610276]
1,GRRW,[-0.6662438  -0.10641395]
1,GRW,[-0.63653078 -0.10161289]
1,GRWR,[-0.65611623 -0.15092015]
1,GS,[-0.65457238 -0.13141676]
1,GSF,[-0.63426187 -0.217186  ]
1,GSM,[-0.62657472 -0.15831549]
1,GSRX,[-0.73068774  0.02316059]
1,GSWR,[-0.64050362 -0.16120869]
1,GSWY,[-0.65615582 -0.13218951]
1,GTW,[-0.59171733 -0.07121927]
1,HAL,[-0.65580429 -0.13065553]
1,HB,[-0.6334774  -0.15918076]
1,HCRC,[-0.6919079   0.02132848]
1,HCRR,[-0.63947057 -0.06860556]
1,HESR,[-0.65072869 -0.04723324]
1,HIES,[-0.64408039 -0.09620245]
1,HMCR,[-0.56543402 -0.21932137]
1,HMR,[-0.55028234 -0.23628834]
1,HOG,[-0.65461075 -0.13153399]
1,HOS,[-0.61557919 -0.13305879]
1,HPTD,[-0.62709146 -0.18115443]
1,HR,[-0.49516289 -0.22077732]
1,HRT,[-0.65437136 -0.15912119]
1,HS,[-0.4717688  -0.22367613]
1,HSRR,[-0.65312825 -0.1271299 ]
1,HVMV,[-0.63435914 -0.12246459]
1,HVSR,[-0.68846169 -0.08658678]
1,IHB,[-0.42103269 -0.16623047]
1,IHRC,[-0.63942687 -0.04053477]
1,ILRV,[-0.64257992 -0.17478134]
1,IN,[-0.63936491 -0.07968738]
1,INOH,[-0.69973382  0.04482837]
1,INRD,[-0.52739266 -0.13630491]
1,INS,[-0.63908699 -0.08102216]
1,INT,[-0.66998746 -0.09411628]
1,IOCR,[-0.69676594 -0.00494597]
1,IOER,[-0.69617439  0.02385898]
1,IORX,[-0.67288203 -0.08095733]
1,IORY,[-0.68445395 -0.04066818]
1,ISRR,[-0.64045183 -0.08272305]
1,ITMZ,[-0.63754933 -0.09314195]
1,IU,[-0.67367318  0.01854027]
1,JAIL,[-0.69042169 -0.0467768 ]
1,JEFW,[-0.56190628 -0.2102294 ]
1,JSC,[-0.75696445  0.18185083]
1,JSRW,[-0.75371885  0.18728776]
1,JVRR,[-0.71692156 -0.006608  ]
1,JXPT,[-0.61553133 -0.19059564]
1,KCNW,[-0.68287934 -0.02252093]
1,KIT,[-0.59713625 -0.15378581]
1,KKRR,[-0.73968133  0.09839345]
1,KLSC,[-0.6776905  -0.02192782]
1,KNWA,[-0.66149952 -0.11262065]
1,KRM,[-0.65803162 -0.12537312]
1,KWT,[-0.58040971 -0.17743816]
1,KXHR,[-0.53023492 -0.20244258]
1,LAL,[-0.7145604   0.25658439]
1,LASB,[-0.73833831  0.1366583 ]
1,LBR,[-0.68400065  0.36207338]
1,LC,[-0.63065997 -0.18987778]
1,LDRT,[-0.71874139  0.09999848]
1,LEF,[-0.74015478  0.14768279]
1,LI,[-0.60579643  0.50238294]
1,LIRC,[-0.63110733 -0.096442  ]
1,LN,[-0.47591385 -0.21521417]
1,LNAC,[-0.67179129 -0.00423281]
1,LNAL,[-0.63908699 -0.08102216]
1,LNE,[-0.75793697  0.1823219 ]
1,LPSG,[-0.64005832 -0.22374164]
1,LRS,[-0.63563376 -0.18055967]
1,LRWY,[-0.70713336 -0.0070489 ]
1,LSI,[-0.69760745  0.02719162]
1,LSRC,[-0.6484811  -0.05803914]
1,LSX,[-0.71077934 -0.04164068]
1,LT,[-0.71870051  0.08329774]
1,LV,[-0.7337296  0.2812786]
1,LVAL,[-0.7442994   0.13079166]
1,LVRR,[-0.71257929 -0.01319842]
1,LVRX,[-0.71413962 -0.01960762]
1,MACZ,[-0.67211253 -0.09152299]
1,MAUP,[-0.62909638 -0.17757622]
1,MAW,[-0.67916479 -0.07686607]
1,MBRR,[-0.42161847 -0.28914586]
1,MDDE,[-0.71716832  0.04681664]
1,MDLR,[-0.73564311  0.11488713]
1,MDLX,[-0.64147538 -0.17523613]
1,MDTX,[-0.62066079 -0.17509061]
1,ME,[-0.77258497  0.21226296]
1,MGA,[-0.73576736  0.11813195]
1,MHWA,[-0.68479391  0.29885575]
1,MIDH,[-0.73237612  0.12003272]
1,MIGN,[-0.7026831   0.03195821]
1,MIRR,[-0.69353074  0.02147703]
1,MMID,[-7.05054810e-01 -2.11438064e-04]
1,MMRR,[-0.65429946 -0.04844585]
1,MNBR,[-0.45266386 -0.23799218]
1,MNCW,[-0.3300319   0.84409296]
1,MNJ,[-0.678122    0.33714286]
1,MNL,[-0.74503919  0.13314131]
1,MPA,[-0.7414233   0.14077143]
1,MQT,[-0.63463855 -0.05555904]
1,MRR,[-0.63067877 -0.16498086]
1,MS,[-0.65107497 -0.0528481 ]
1,MSO,[-0.64902576 -0.06667658]
1,MTR,[-0.74705692  0.16611264]
1,MWCL,[-0.66173199 -0.12218497]
1,NAC,[-0.45184452 -0.29152966]
1,NARZ,[-0.59268112 -0.17515055]
1,NBER,[-0.72993437  0.06184858]
1,NCRA,[-0.70995399 -0.04008027]
1,NCVA,[-0.62779825 -0.15930623]
1,NCYR,[-0.63233015 -0.15130082]
1,NEC,[-0.56947936  0.54477401]
1,NERR,[-0.51502792 -0.22034187]
1,NFD,[-0.66499762 -0.1157494 ]
1,NHIR,[-0.73998959  0.15202949]
1,NHRR,[-0.74918864  0.13658134]
1,NICD,[-0.61858519 -0.09361749]
1,NJII,[-0.67438617  0.01287947]
1,NJTR,[-0.74914151  0.17005257]
1,NOW,[-0.68692052 -0.05160621]
1,NPB,[-0.65746355 -0.10257758]
1,NRTX,[-0.52741303 -0.20395855]
1,NS,[-0.55230803 -0.16360004]
1,NSHR,[-0.73506214  0.07277343]
1,NSR,[-0.6681059  -0.10830988]
1,NSS,[-0.71810555  0.08314594]
1,NW,[-0.57565235 -0.08357334]
1,NWR,[-0.52905325 -0.2038434 ]
1,NYA,[-0.67397072  0.33363304]
1,NYCH,[-0.64603726  0.46030088]
1,NYLB,[-0.79801143  0.2933883 ]
1,NYLE,[-0.66759914  0.39972445]
1,NYOG,[-0.6887061   0.28119184]
1,NYSW,[-0.7174437   0.28345967]
1,OCTL,[-0.73006126  0.05962998]
1,OCTR,[-0.736106    0.12984008]
1,OGEE,[-0.65182383 -0.14857774]
1,OHCR,[-6.96180781e-01  1.75153569e-04]
1,OHIC,[-0.68258472 -0.09542434]
1,OMDX,[-0.63247434 -0.17172243]
1,OMID,[-0.67545849  0.37293021]
1,ONCT,[-0.70357095  0.26508367]
1,ONWX,[-0.65285498 -0.17599074]
1,ORC,[-0.65520612 -0.13182943]
1,OSRR,[-0.69126587  0.00572601]
1,OURY,[-0.72609412  0.24168   ]
1,PAL,[-0.65071733 -0.12730593]
1,PATH,[-0.75422497  0.19087414]
1,PBNE,[-0.74332632  0.14912315]
1,PBR,[-0.72414636  0.07672697]
1,PC,[-0.65448765  0.11014551]
1,PCY,[-0.74419248  0.15785384]
1,PDRR,[-0.61784309 -0.14680709]
1,PEX,[-0.6076658  -0.14723114]
1,PHD,[-0.70284335  0.03860734]
1,PI,[-0.60293757 -0.16207564]
1,PICK,[-0.64211818 -0.17896945]
1,PIR,[-0.74342022  0.08980468]
1,PLE,[-0.72585373  0.10268898]
1,PNER,[-0.73406555  0.13191705]
1,PNRW,[-0.55973009 -0.16673439]
1,POHC,[-0.71413962 -0.01960762]
1,POV,[-0.74005974  0.12513378]
1,PRL,[-0.72300935  0.00121459]
1,PRSL,[-0.78906434  0.27483155]
1,PRYL,[-0.64541775 -0.1366871 ]
1,PS,[-0.73574322  0.11461562]
1,PTR,[-0.63462519 -0.13540715]
1,PWJ,[-0.75877349  0.18661024]
1,RBMN,[-0.72877591  0.04125002]
1,RCRY,[-0.77370895  0.10409288]
1,RDG,[-0.76372064  0.20252194]
1,RFP,[-0.66200685 -0.09472156]
1,RJCC,[-0.66014619 -0.1228716 ]
1,RJCK,[-0.55237832 -0.19229877]
1,RJCL,[-0.68858142 -0.04806824]
1,RJCM,[-0.64399458 -0.13462577]
1,RJCP,[-7.13972567e-01 -6.00178102e-04]
1,RJCR,[-0.67901617 -0.06982633]
1,RJCS,[-0.61120257 -0.14494184]
1,RJCW,[-0.68654795 -0.05687175]
1,RR,[-0.72796143  0.1515698 ]
1,RSOR,[-0.64935074 -0.1298688 ]
1,RSR,[-0.67806227  0.36726791]
1,RT,[-0.71285633  0.0606458 ]
1,RV,[-0.79863303  0.2958352 ]
1,SAN,[-0.6464319  -0.18427303]
1,SAPT,[-0.6568254  -0.13306432]
1,SB,[-0.65837777  0.39413162]
1,SBD,[-0.48891506 -0.24758755]
1,SBVR,[-0.67843108 -0.04833239]
1,SCFE,[-0.6411923  -0.18076747]
1,SCL,[-0.59623669 -0.23782488]
1,SCRF,[-0.62667718 -0.15000961]
1,SCTR,[-0.52266274 -0.22030661]
1,SCXF,[-0.63570472 -0.17633701]
1,SEPA,[-0.73596924  0.07718216]
1,SFLR,[-0.75786068  0.19435291]
1,SFRV,[-0.63350551 -0.18026452]
1,SGLR,[-0.62771607 -0.1817171 ]
1,SIND,[-0.66582141 -0.01104131]
1,SIRC,[-0.70328306  0.26366767]
1,SIRT,[-0.79863303  0.2958352 ]
1,SJRT,[-0.61661945 -0.19010848]
1,SLAW,[-0.68124485  0.35331269]
1,SLRR,[-0.68268815  0.38249697]
1,SLRS,[-0.71992511  0.02421852]
1,SM,[-0.64716403 -0.18853976]
1,SMRS,[-0.65505623 -0.05737787]
1,SMW,[-0.65871625 -0.1320662 ]
1,SNJX,[-0.76695892  0.1020959 ]
1,SOU,[-0.52816421 -0.23005501]
1,SPEG,[-0.71866189  0.08514528]
1,SRC,[-0.71209077 -0.01065837]
1,SRNJ,[-0.76379296  0.16349368]
1,SSAM,[-0.56260783 -0.10485259]
1,SSDK,[-0.64650059 -0.20406618]
1,STRT,[-0.73237612  0.12003272]
1,SUAB,[-0.54111282 -0.20964903]
1,SVRR,[-0.68760244 -0.06814814]
1,SWGX,[-0.65451027 -0.13121977]
1,SWP,[-0.71760147 -0.00600858]
1,TAG,[-0.5710074  -0.25337685]
1,TASD,[-0.56674247 -0.19705254]
1,TAW,[-0.72035315  0.08766184]
1,TBER,[-0.66579792 -0.01188152]
1,TCCX,[-0.62458112 -0.18579843]
1,TCKR,[-0.73412609  0.11206015]
1,TCRM,[-0.51383128 -0.21049095]
1,TEVR,[-0.63694749 -0.17907243]
1,TIOC,[-0.62772941  0.51335581]
1,TIPP,[-0.67179129 -0.00423281]
1,TKEN,[-0.52923645 -0.21800471]
1,TLEW,[-0.6918657 -0.0676824]
1,TNHR,[-0.58922782 -0.17088742]
1,TNR,[-0.55195285 -0.19318348]
1,TPW,[-0.3788018  -0.18206042]
1,TRRX,[-0.74563838  0.13017691]
1,TSBY,[-0.67285269 -0.01871098]
1,TSRR,[-0.54361646 -0.20652379]
1,TT,[-0.7200845   0.09015316]
1,TTIS,[-0.6543681  -0.12735762]
1,TTR,[-0.62306307 -0.18222375]
1,TVRM,[-0.54780203 -0.20001139]
1,TWRY,[-0.63422999 -0.14028882]
1,UB,[-0.68349384  0.01187542]
1,UCIR,[-0.71018538 -0.02443554]
1,UMP,[-0.74278482  0.15434323]
1,URR,[-0.74172469  0.13682163]
1,USRO,[-0.67805969 -0.09519308]
1,USRV,[-0.66791222 -0.10430623]
1,UTSZ,[-0.63051826 -0.1860436 ]
1,VAMD,[-0.66245922 -0.10321676]
1,VR,[-0.66213903 -0.13871116]
1,VREX,[-0.62151118 -0.141986  ]
1,VSO,[-0.62091558 -0.21517158]
1,VSRR,[-0.65006387 -0.09240917]
1,WA,[-0.5232191  -0.27814951]
1,WAG,[-0.74556244  0.16597985]
1,WAKS,[-0.73411603  0.02773252]
1,WBCR,[-0.63277561 -0.12372608]
1,WCLR,[-0.63342777 -0.16748863]
1,WCOR,[-0.69413505  0.01500947]
1,WE,[-0.69641206 -0.03377671]
1,WGCR,[-0.57121621 -0.20493936]
1,WJSL,[-0.76192272  0.1027283 ]
1,WM,[-0.73605866  0.13286266]
1,WMI,[-0.64757485 -0.08114029]
1,WNFR,[-0.70653302  0.01716928]
1,WNYP,[-0.71609607  0.09127485]
1,WS,[-0.65107419 -0.22480086]
1,WSRY,[-0.389074   -0.18979398]
1,WSS,[-0.63071137 -0.16782782]
1,WTNN,[-0.513627   -0.22187151]
1,WTRY,[-0.61223351 -0.15254035]
1,WTSE,[-0.73630642  0.11353698]
1,WVC,[-0.64847394 -0.12889357]
1,WVN,[-0.69900418  0.01053606]
1,WVRR,[-0.64394237 -0.08313857]
1,WW,[-0.69991216 -0.01091794]
1,WWRC,[-0.69843765  0.08591429]
1,WYS,[-0.70531527  0.03994549]
1,WYT,[-0.70810974  0.04290033]
1,XSTM,[-0.67017305 -0.11380528]
1,YARR,[-0.68048116 -0.09497942]
1,YB,[-0.69929649 -0.03636404]
1,YKR,[-0.74519666  0.12909095]
1,YRC,[-0.71804224 -0.00501314]
1,YS,[-0.71670213  0.0762188 ]
1,YSRR,[-0.69331447 -0.07401635]
1,YVRR,[-0.62821678 -0.15235449]
2,AVL,[0.1482504  1.14788191]
2,BAR,[0.14257141 1.1455306 ]
2,BCLR,[0.0299098  1.08948683]
2,BM,[0.03729656 1.10265573]
2,BML,[0.14817544 1.14799886]
2,BMS,[0.10005902 1.13471283]
2,CCCL,[-0.04331895  1.05708754]
2,CCCX,[0.02769549 1.08726871]
2,CCH,[0.00842786 1.08948757]
2,CCRX,[0.03631574 1.05993812]
2,CDAC,[0.1400771 1.1445376]
2,CLP,[0.08483518 1.12292104]
2,CMQX,[0.14504839 1.13900346]
2,CN,[0.11897619 1.12328287]
2,CONW,[0.14028095 1.1457335 ]
2,CP,[0.04221199 0.85907343]
2,CPVM,[0.03736334 1.10682371]
2,CSO,[-0.08960731  1.02935568]
2,CTHS,[-0.03309296  1.05839809]
2,CV,[0.03339898 1.10129754]
2,DTRR,[-0.04515821  1.05336834]
2,EMRY,[0.13647967 1.12689406]
2,FOR,[0.01250566 1.09679403]
2,GMRC,[0.07885687 1.12097262]
2,GRI,[0.11307431 1.13408242]
2,GRS,[0.10142138 1.1293668 ]
2,GU,[0.00946761 1.09374241]
2,HRRC,[0.0049259  1.07628866]
2,LVRC,[0.07230973 1.11981926]
2,MB,[0.0901081  1.12962739]
2,MBRX,[0.15329917 1.15178934]
2,MBTA,[0.02315301 1.08245354]
2,MC,[0.13828709 1.1464603 ]
2,MCER,[0.0363097  1.09176544]
2,MCRL,[0.02312183 1.0930136 ]
2,MEC,[0.13981498 1.14375896]
2,MERR,[0.14406333 1.1492359 ]
2,MMA,[0.13862696 1.14629875]
2,MNR,[0.14449353 1.14391068]
2,NECR,[0.05454151 1.10246868]
2,NEGS,[0.09410899 1.13403952]
2,NHN,[0.14392864 1.14785368]
2,NHVT,[0.13400681 1.14543305]
2,PLL,[0.14745166 1.15005288]
2,PTM,[0.14816901 1.14775114]
2,PVRR,[0.040689   1.09037377]
2,PW,[-0.02345433  1.06307699]
2,SJL,[0.10740053 1.13637385]
2,SLR,[0.14012349 1.14641549]
2,SRP,[0.13663703 1.14646574]
2,ST,[0.09855072 1.12675795]
2,VALE,[-0.09086623  1.03156752]
2,VNOR,[0.1104079  1.13933743]
2,VNRC,[0.08118929 1.12549912]
2,VTR,[0.08682216 1.12459485]
2,WACR,[0.08598973 1.11491762]
2,WRC,[0.0877899  1.13099571]
3,AGS,[-0.1348466  -0.36635834]
3,ALR,[-0.13222699 -0.26044598]
3,ALS,[-0.13883661 -0.25412976]
3,APNC,[ 0.34027594 -0.23648152]
3,ATK,[ 0.06117016 -0.21812794]
3,BFJR,[-0.13399074 -0.25935223]
3,BHC,[ 0.31835201 -0.24128434]
3,BJRY,[ 0.15878828 -0.26811626]
3,BLOL,[ 0.06294574 -0.24966376]
3,BN,[ 0.48458281 -0.2346357 ]
3,BNSO,[ 0.06867907 -0.25127183]
3,BRC,[-0.10919253 -0.25543809]
3,BSV,[ 0.47251301 -0.20276391]
3,BSVY,[0.50623639 0.18086219]
3,CAGY,[-0.03412835 -0.34447995]
3,CBGR,[ 0.4127019  -0.22125883]
3,CC,[ 0.1846265  -0.22983176]
3,CDOT,[ 0.0500209  -0.21696604]
3,CEI,[-0.19691172 -0.23823355]
3,CHTT,[-0.18327173 -0.24736077]
3,CIC,[ 0.25464246 -0.25259796]
3,CIM,[-0.15698774 -0.25218607]
3,CJR,[ 0.0732127  -0.24477504]
3,CMNW,[ 0.06802886 -0.27268902]
3,CNO,[ 0.21142753 -0.27806811]
3,CNW,[-0.07442414 -0.25541432]
3,COER,[-0.11547734 -0.25621362]
3,CRI,[-0.235485 -0.231107]
3,CRL,[ 0.0217025  -0.25655904]
3,CTM,[-0.10250279 -0.20351337]
3,CTML,[-0.08772622 -0.25812187]
3,CVAR,[ 0.13437724 -0.26818619]
3,CWI,[-0.23702887 -0.23051342]
3,CWP,[-0.22651654 -0.23390015]
3,CWRC,[-0.16393583 -0.25470346]
3,DAIR,[ 0.35978969 -0.15519979]
3,DAKR,[ 0.32681981 -0.22568215]
3,DME,[ 0.42965513 -0.1423129 ]
3,DMIR,[ 0.23424293 -0.24121821]
3,DMU,[ 0.09291935 -0.28138567]
3,DNE,[ 0.18324968 -0.28016451]
3,DREI,[ 0.0732127  -0.24477504]
3,DRI,[-0.09582126 -0.26188511]
3,DSRC,[ 0.38485779 -0.22467566]
3,DWP,[ 0.31671728 -0.22488814]
3,EIRC,[ 0.06790503 -0.27475436]
3,FRVR,[-0.13142881 -0.23667393]
3,FVW,[-0.11946126 -0.23040032]
3,GBW,[-0.12588532 -0.25461775]
3,GLSR,[ 0.27135739 -0.30661323]
3,GRYR,[-0.18636247 -0.3002213 ]
3,GSMR,[-0.28830788 -0.32837736]
3,GTRA,[-0.06642297 -0.3410067 ]
3,GWWE,[ 0.22943692 -0.26433773]
3,GWWR,[ 0.33184168 -0.25379373]
3,IAIS,[ 0.18295434 -0.23043844]
3,IANR,[ 0.43457708 -0.15503337]
3,IAT,[ 0.1674041  -0.28429431]
3,IATR,[ 0.24362743 -0.1063346 ]
3,IC,[ 0.06522486 -0.30744935]
3,ICE,[ 0.49682718 -0.14781768]
3,ICG,[-0.0812347  -0.29758486]
3,IMRL,[ 0.48848085 -0.18979943]
3,IMRR,[ 0.11591149 -0.2633969 ]
3,IR,[ 0.12137942 -0.2541336 ]
3,IRRC,[-0.05974873 -0.27666545]
3,ISR,[ 0.11305834 -0.26574629]
3,ITC,[-0.20906006 -0.24019091]
3,KBSR,[-0.16913534 -0.25674129]
3,KJRY,[ 0.03740949 -0.24778971]
3,LSBC,[-0.15385256 -0.26440993]
3,LSTT,[-0.13718885 -0.25936077]
3,LXVR,[-0.28950493 -0.28713018]
3,MCCL,[ 0.09813233 -0.26282834]
3,MCRY,[-0.15209858 -0.24347097]
3,MDS,[ 0.03013396 -0.30186726]
3,MDW,[ 0.3406836  -0.21263892]
3,METW,[-0.07909038 -0.23868241]
3,MI,[-0.09461355 -0.25478926]
3,MILW,[-0.10380056 -0.25121708]
3,MISS,[-0.1338044  -0.34177376]
3,MMR,[ 0.2631326  -0.23593179]
3,MNNR,[ 0.49410113 -0.00667973]
3,MNS,[ 0.20260999 -0.27604569]
3,MNVA,[ 0.19690393 -0.2449086 ]
3,MRMZ,[ 0.13066584 -0.22766644]
3,MSCI,[ 0.21385418 -0.32025873]
3,MSDR,[ 0.06044827 -0.33880849]
3,MSE,[-0.03209789 -0.34227891]
3,MSR,[-0.13908627 -0.31857309]
3,MSRC,[ 0.46558354 -0.2865634 ]
3,MT,[ 0.03728406 -0.32222874]
3,MTFR,[ 0.20254709 -0.27777697]
3,MTNR,[ 0.01446326 -0.32594965]
3,MTRY,[ 0.23662916 -0.27737096]
3,MTW,[-0.13720234 -0.25353208]
3,NIRC,[-0.07139081 -0.24870379]
3,NSCR,[0.4950572  0.51558614]
3,NSSX,[ 0.19191494 -0.24480797]
3,NTR,[-0.29205827 -0.32749118]
3,NTZR,[-0.05602355 -0.31123818]
3,OAR,[ 0.05945936 -0.34420169]
3,OTVR,[ 0.3837484  -0.16573917]
3,PACY,[-0.13267083 -0.26061342]
3,PBVR,[ 0.05777368 -0.33490451]
3,PHRR,[ 0.05464687 -0.27123067]
3,PPU,[-0.14191783 -0.25389059]
3,PRV,[-0.14180627 -0.34014108]
3,PRY,[ 0.12393669 -0.27912697]
3,RNA,[-0.01532419 -0.31812583]
3,RRVW,[ 0.4605948  -0.15407797]
3,SOO,[-0.14431112 -0.22613282]
3,SR,[-0.2845658  -0.31854804]
3,SSWN,[ 0.0729059  -0.27261411]
3,SVIZ,[ 0.0859817  -0.27906519]
3,TCWR,[0.52738408 0.07693603]
3,TR,[-0.15024195 -0.23029482]
3,TRRA,[ 0.0209485 -0.2724846]
3,TZPR,[ 0.06342139 -0.26626882]
3,UPME,[ 0.02431623 -0.23106622]
3,VRRC,[ 0.03053849 -0.27359691]
3,VSOR,[ 0.00284848 -0.32097755]
3,WC,[-0.11608751 -0.20084289]
3,WICT,[-0.10860089 -0.24156629]
3,WIWR,[-0.15856451 -0.25542297]
3,WLO,[ 0.13358523 -0.28618956]
3,WN,[0.13101568 0.04367395]
3,WOHO,[ 0.03053849 -0.27359691]
3,WSOR,[ 0.07962518 -0.19846547]
3,WVRC,[-0.1617566  -0.25209705]
